,degree,betweenness,closeness,eigenvector,clustering
Pseudomonas,317,0.018265882784046453,0.9876923076923076,0.08887024523298365,0.4582917382102783
Allorhizobium-Neorhizobium-Pararhizobium-Rhizobium,315,0.016135932253601572,0.981651376146789,0.08889735992418556,0.4645435244161359
Caulobacter,311,0.016144455055105433,0.9697885196374623,0.08847827846210223,0.47279327870552845
Sphingomonas,309,0.017115836860782333,0.963963963963964,0.08793249873682304,0.4735216240070609
Mitochondria,306,0.012486002552476502,0.9553571428571429,0.08823847862961799,0.48595306975249114
Streptomyces,305,0.012608635952969998,0.9525222551928784,0.0879822394180869,0.4864106988783434
Comamonadaceae,304,0.011320094028399789,0.9497041420118343,0.0883000967235391,0.49311707486538126
metagenome,304,0.010856491118797065,0.9497041420118343,0.08839124767798644,0.49402900816397427
Bradyrhizobium,303,0.015270921184343257,0.9469026548672567,0.08764406028022155,0.49019736410727166
Rhynchosporium_secalis,300,0.009126215242976216,0.9385964912280702,0.08826279804344224,0.5060646599777034
Xanthobacteraceae,290,0.008793561268650583,0.9119318181818182,0.08658297258839781,0.5238277055244004
uncultured,288,0.007625279074832567,0.9067796610169492,0.08679645782319458,0.5336333720480062
Rhizobiaceae,288,0.007593493480584302,0.9067796610169492,0.08665491722297737,0.5318428184281843
Micromonosporaceae,286,0.0073347224236756945,0.901685393258427,0.08649349791371101,0.5378235799288431
uncultured_bacterium,286,0.008551067725281828,0.901685393258427,0.08627854375760585,0.5355907250644093
Mycobacterium,285,0.007254263599077495,0.8991596638655462,0.08589691368793476,0.5352112676056338
Enterobacteriaceae,285,0.010417028694444549,0.8991596638655462,0.0850163143683149,0.5250308870768471
Microbacteriaceae,284,0.007275460988519011,0.8966480446927374,0.08581371240136616,0.537475737819141
Bacillus,282,0.008912932883470063,0.8916666666666667,0.08419635968620824,0.5276747179526009
Kineosporia,280,0.006904596337739315,0.8867403314917127,0.08528847683378211,0.5467741935483871
Actinoplanes,280,0.006440287544413949,0.8867403314917127,0.08590907735458626,0.5546850998463901
Devosia,278,0.006038781721101607,0.8818681318681318,0.08576065719859804,0.560683583097421
Variovorax,277,0.006086186819644382,0.8794520547945206,0.0855401293040258,0.5622351279234029
Dactylosporangium,273,0.006718052715690298,0.8699186991869918,0.0841748309130297,0.5618939883645766
uncultured_soil,271,0.007671668999112167,0.8652291105121294,0.08265861519921351,0.5524668580019133
Sphingomonadaceae,269,0.005677385388028277,0.8605898123324397,0.08334179454634852,0.5692171114686789
uncultured_eubacterium,268,0.006395839935927495,0.8582887700534759,0.08298992336617246,0.5684778355413942
Enterobacterales,267,0.005601385233861606,0.856,0.08343147421440635,0.5787220861141618
bacterium_Ellin335,266,0.005347758636283272,0.8537234042553191,0.08312082643834916,0.5790892325152504
uncultured_prokaryote,264,0.00607063523078947,0.8492063492063492,0.081735424468586,0.5714944117985943
Mucilaginibacter,260,0.005628345847129302,0.8403141361256544,0.08161220578296187,0.5864864864864865
Dongia,259,0.00574487754593134,0.8381201044386423,0.0813652628723172,0.5883990302594954
BIrii41,255,0.004158940602570128,0.8294573643410853,0.08200665828469525,0.6161185734136174
Duganella,253,0.005529675098002126,0.8251928020565553,0.08042808247578992,0.603645147123408
uncultured_Sorangiineae,252,0.0034619283319962083,0.823076923076923,0.08194996606461298,0.6298615063555303
Acidibacter,251,0.00426408577923225,0.8209718670076727,0.08060604516313909,0.615585657370518
Micromonospora,251,0.004267565754989514,0.8209718670076727,0.08045291047491639,0.613418326693227
Oxalobacteraceae,249,0.004337579801160444,0.816793893129771,0.08014288693002458,0.6190244850369219
Chitinophaga,247,0.004794863324299597,0.8126582278481013,0.07785964585889707,0.5959316678187024
Haliangium,246,0.0044183817291793505,0.8106060606060606,0.07954992909406824,0.6252862120457939
Candidatus_Udaeobacter,246,0.0034320368709081775,0.8106060606060606,0.08017092467555048,0.6348432055749129
Lechevalieria,244,0.003586521664024812,0.8065326633165829,0.07940102975707532,0.6332388855157526
Chitinophagaceae,244,0.003314064646318777,0.8065326633165829,0.07959980783422041,0.6364096336773932
Planococcaceae,242,0.0050039972120346134,0.800498753117207,0.076529657845217,0.6023455985734372
Kutzneria,242,0.0033001068944256183,0.8025,0.07885710551528514,0.6369808991461198
Lacunisphaera,241,0.002837458021189966,0.800498753117207,0.07974157545876114,0.6568118948824343
uncultured_Alphaproteobacteria,240,0.003524878885975163,0.7985074626865671,0.07799429296247741,0.6346931659693166
Rhodopseudomonas,239,0.003684408300138085,0.7965260545905707,0.07745403754381412,0.6322562497802469
Yersiniaceae,239,0.003871599455954979,0.7965260545905707,0.07787880638236636,0.6373545233993179
Burkholderia-Caballeronia-Paraburkholderia,238,0.0036951205672490646,0.7945544554455446,0.0771603903947601,0.6315994752331312
Sphingobium,238,0.0029507224069926924,0.7945544554455446,0.07860567510721203,0.6534056660638939
Puia,237,0.0032856429700667384,0.7925925925925926,0.07750472391715553,0.642244153615104
Polaromonas,237,0.0029813629274262773,0.7925925925925926,0.07829582968363198,0.6544732889937782
Pedobacter,237,0.004014771596232632,0.7925925925925926,0.07751179360681756,0.642244153615104
Amycolatopsis_saalfeldensis,236,0.002649421355232952,0.7906403940886699,0.07856026636463624,0.6648395239812478
Bacillales,235,0.004431323837299937,0.7886977886977887,0.07476605114927652,0.6122931442080378
Nocardioides,235,0.002493574238372257,0.7886977886977887,0.07874355750867705,0.6745226404800873
Amycolatopsis,234,0.0031500393677180525,0.7867647058823529,0.07676947366587211,0.6478485748872015
Kribbella,230,0.0030018902862968804,0.779126213592233,0.07586225641078904,0.6558192519460794
A4b,228,0.002515549475209452,0.7753623188405797,0.0764892538486241,0.6778730968390139
Cellulomonas,228,0.0022298792753395217,0.7753623188405797,0.07699492554580448,0.6872633124661875
uncultured_proteobacterium,227,0.0030282620384966185,0.7734939759036145,0.07522843046460927,0.6643015866827804
Sphingomonas_oligoaromativorans,225,0.0031129825023106738,0.7697841726618705,0.0742573617550606,0.6584126984126984
uncultured_Conexibacteraceae,223,0.002806359744622697,0.766109785202864,0.07475583578121943,0.680644770330869
Subgroup_7,222,0.0019460152842017218,0.7642857142857142,0.0758317241048098,0.7054747054747055
uncultured_Chloroflexaceae,220,0.00197671332356823,0.7606635071090048,0.0747998569725106,0.7004151100041511
uncultured_Niastella,220,0.002990774029136497,0.7606635071090048,0.07169766617821684,0.6480282274802823
R7C24,219,0.002021321647610871,0.7588652482269503,0.07446413402979127,0.6978760839512379
Tardiphaga,219,0.0026300024012341377,0.7588652482269503,0.07288972970329148,0.6712328767123288
Flavobacterium,219,0.002023542312137591,0.7588652482269503,0.07448671894082548,0.697750408445394
Brevundimonas,219,0.0034419825747860813,0.7588652482269503,0.07302025445336852,0.6742490888525826
Edaphobacter_acidisoli,218,0.010477750120905314,0.7570754716981132,0.07101992143183782,0.6401302160402486
Phenylobacterium,216,0.0027391251361447173,0.7535211267605634,0.0730697754108588,0.6920757967269595
Xanthomonas,215,0.0020912550136061737,0.7517564402810304,0.0730034316945493,0.6983699195826994
Catenulispora_acidiphila,215,0.0017281872696102026,0.7517564402810304,0.07423872343705716,0.7207998261247555
Flavitalea_antarctica,214,0.002135267024846801,0.75,0.07295880300938005,0.7034794436400333
uncultured_Chitinophagaceae,213,0.001952292240344576,0.7482517482517482,0.07306085727482342,0.7125963327132607
Curtobacterium,210,0.0018930973918475744,0.7430555555555556,0.07193770495624115,0.7137844611528822
Mesorhizobium,207,0.0019261267124534708,0.7379310344827587,0.0708692990701069,0.7129590544533558
Microscillaceae,207,0.0015494549372045343,0.7379310344827587,0.07204725275381099,0.7346747338304958
Mucilaginibacter_aquaedulcis,207,0.0020873460975132864,0.7379310344827587,0.07058223873289539,0.7063458561981145
Caulobacteraceae,205,0.004461856925023885,0.7345537757437071,0.06818015160525016,0.6740315638450503
Terriglobus,203,0.0015845733845211176,0.7312072892938497,0.07043439765998256,0.7313563868702141
Novosphingobium,203,0.0017629600162320214,0.7312072892938497,0.07041646892318267,0.7307711066673169
Geobacter,202,0.002461894853743798,0.7295454545454545,0.06958242311091703,0.7193241712230924
Ellin6067,202,0.0013459338220785581,0.7295454545454545,0.07085559365327065,0.7487315895768681
Methylobacterium-Methylorubrum,202,0.0013805748424652131,0.7295454545454545,0.07049526635800026,0.7408009457662185
Stenotrophomonas,202,0.00266826626647147,0.7295454545454545,0.06867735495146562,0.7014925373134329
Mucilaginibacter_angelicae,201,0.0023651005276854966,0.7278911564625851,0.06883403540577303,0.7145273631840796
Kineosporiaceae,201,0.0014761941007905913,0.7278911564625851,0.07048290525815033,0.7485074626865672
Clostridium_sensu_stricto_13,201,0.0026817716994125087,0.7278911564625851,0.06749260922178843,0.687363184079602
Sphingomonas_crusticola,199,0.0013433411477191907,0.7246049661399548,0.06957830625595703,0.7442769402568398
uncultured_Acidobacteriales,198,0.001544011050897452,0.722972972972973,0.0682110188316667,0.7238373583551249
Rhizobacter,198,0.0013695276364007404,0.722972972972973,0.06992167762048171,0.7588063374865406
uncultured_Anaerolineaceae,198,0.0012482525509734503,0.722972972972973,0.06961311406011647,0.7542429369840538
Chryseobacterium,196,0.0027821128414762687,0.7197309417040358,0.06608860637262902,0.6935635792778649
Dyadobacter,196,0.0014298901422817418,0.7181208053691275,0.06815633130876082,0.7370486656200942
Frankiales,195,0.0010764893629654484,0.7181208053691275,0.06926052741399598,0.7698123182659266
Mucilaginibacter_calamicampi,193,0.0010250350973171763,0.7149220489977728,0.06877260402026324,0.7741796200345423
Gaiellales,193,0.0012498964571889622,0.7149220489977728,0.06771330597146492,0.7536161485319517
Promicromonospora,192,0.0024038741763737683,0.7133333333333334,0.06588919362723512,0.7174956369982548
Azospirillum,190,0.0012761738587852398,0.7101769911504425,0.06757490382455875,0.7693678641047063
Dongia_rigui,189,0.0011805318118981432,0.7086092715231788,0.06655025927042131,0.7588089609366205
Asticcacaulis,188,0.0010209921831152745,0.7070484581497798,0.06706520094171832,0.7760268517465013
uncultured_Myxococcales,185,0.0009612929352373108,0.7024070021881839,0.06596553078910805,0.7827849588719153
Umezawaea,183,0.001316063098665768,0.6993464052287581,0.06370540398145982,0.7420885125803158
uncultured_Steroidobacter,183,0.0011553071918400568,0.6993464052287581,0.06481377997071225,0.7636461898756981
Sphingopyxis,183,0.001249715261016892,0.6993464052287581,0.06425822466810327,0.7513360955983907
d__Bacteria,180,0.0018101721988163539,0.6948051948051948,0.061257739891821025,0.7112973308504035
uncultured_organism,176,0.0012830463713630878,0.6888412017167382,0.061427330272101066,0.7530519480519481
Herbaspirillum,175,0.0010166771419086954,0.6873661670235546,0.06267352422378487,0.7802298850574713
Solirubrobacter,174,0.0007823129745039126,0.6844349680170576,0.06293394990335766,0.8015414258188824
Bacteroidetes_bacterium,174,0.0006820836764816033,0.6858974358974359,0.06353405754905476,0.8153611055743805
uncultured_Flexibacter,172,0.0006036802503439472,0.6829787234042554,0.06322291147407554,0.8281653746770026
Afipia_genosp.,172,0.003218105043215952,0.6829787234042554,0.0588031493805718,0.7145382836937304
Rhodospirillaceae_bacterium,171,0.0006909069779109427,0.6815286624203821,0.06224711790619553,0.8096319229446164
Rhodocyclaceae,170,0.0008536030560369495,0.6800847457627118,0.06156063576997348,0.8044552732335538
actinobacterium_WWH12,167,0.0006319040507766306,0.6743697478991597,0.060824600513501234,0.8176177764952024
Micrococcaceae,166,0.0005335468272783114,0.6743697478991597,0.06117558679112428,0.8335158817086528
Betaproteobacteria_bacterium,165,0.000595743305731007,0.6729559748427673,0.060266881994564224,0.8254988913525498
bacterium_enrichment,164,0.0006910279644182009,0.6715481171548117,0.05940223267603849,0.8030824480023941
Intrasporangiaceae,164,0.0006965493063245202,0.6715481171548117,0.05919874113728586,0.8032320814005686
Inquilinus,163,0.0007416648019925967,0.6701461377870563,0.05928057258400928,0.8077709611451943
uncultured_gamma,163,0.0008340764112029643,0.6701461377870563,0.0589384881826755,0.803756721957131
Actinoallomurus_bryophytorum,162,0.0007002778574429852,0.66875,0.05923625577317715,0.812207652787363
uncultured_planctomycete,162,0.0006328057938047246,0.66875,0.05955803351167788,0.8295376121463078
Pleomorphomonas,162,0.0007328732088486032,0.66875,0.059578012105030574,0.825473506632927
uncultured_Acidobacterium,161,0.000858745450080363,0.6659751037344398,0.05801810492982344,0.7961956521739131
Iamia,159,0.0005087112338666784,0.6645962732919255,0.05840583687138604,0.8361595414377836
Reyranella,158,0.0005926575271315538,0.6632231404958677,0.058008841185851874,0.8239135692977505
Pararhizobium_herbae,158,0.0006127471791033664,0.6632231404958677,0.057878895987175,0.8228654357816657
Acidicapsa_sp.,157,0.0004101547405485933,0.6618556701030928,0.058751693898480215,0.8511350645108607
Actinophytocola,157,0.0006102432613163988,0.6618556701030928,0.05709375817736445,0.8165115139637432
Massilia,157,0.0023530944872318274,0.6618556701030928,0.05696598670237372,0.8054875061244487
Terrabacter,157,0.0003755501739694715,0.6618556701030928,0.05884010485290094,0.8638739180140454
Nocardia,156,0.000867887297683258,0.6604938271604939,0.0574964886047556,0.8267990074441688
Chthoniobacter,155,0.0007529674075948761,0.6577868852459017,0.05615694380494262,0.8005027230833682
Devosiaceae,154,0.0004196327689195605,0.6577868852459017,0.057441237512590275,0.857821916645446
Gemmata_sp.,153,0.0004094361607002973,0.656441717791411,0.057858144305853544,0.8737530099759202
Edaphobaculum,153,0.0009395811657449816,0.656441717791411,0.05487227954134191,0.7854317165462676
Rhodococcus,152,0.0005273625918491116,0.6551020408163265,0.05689279626147464,0.8590972464273265
uncultured_Verrucomicrobiaceae,152,0.0005963041752849072,0.6551020408163265,0.05558352712505787,0.8319972115719763
Botryosphaeria_dothidea,150,0.0004305260374232997,0.6511156186612576,0.055694918573698474,0.8462639821029083
Spongospora_subterranea,147,0.0008333950622512877,0.6484848484848484,0.05387672109088474,0.8101761252446184
Sphingomonas_polyaromaticivorans,146,0.0002962694813994548,0.6471774193548387,0.05553715575680341,0.8805857345299952
Erwinia,145,0.0005766858920890312,0.6458752515090543,0.05354004054712201,0.8363026819923371
Clostridium_sensu_stricto_1,145,0.0010081024234217743,0.6445783132530121,0.0519938721342921,0.7830459770114943
Steroidobacter,145,0.000702628139200422,0.6445783132530121,0.05218147133418836,0.7977011494252874
Vicinamibacteraceae,145,0.00029320481303064344,0.6458752515090543,0.05446279622917862,0.8815134099616858
Sphingomonas_azotofornans,144,0.0003340106154852485,0.6432865731462926,0.05404821169226018,0.8661616161616161
Microtrichales,144,0.00028919875041684363,0.6445783132530121,0.05444601229719635,0.8785936285936286
Flavobacterium_hauense,144,0.0004083996152660953,0.6445783132530121,0.053974781024023595,0.8603341103341103
Arsenicitalea,143,0.0004157134430994854,0.642,0.0530540297305872,0.8475327489411997
uncultured_Chloroflexi,143,0.0004508212373881711,0.642,0.053144800284922175,0.841721658623067
Nakamurella_panacisegetis,143,0.00039729190803575247,0.6432865731462926,0.053655497483320005,0.8536393184280509
Granulicella_cerasi,142,0.0005802644869408992,0.642,0.05213960249731966,0.8309859154929577
Leptographium_truncatum,142,0.0004002645093718952,0.642,0.05279927868610901,0.8505643791828988
KI89A_clade,141,0.0004456313611255893,0.6407185628742516,0.05157830419666462,0.839209726443769
Nonomuraea,141,0.0005657918480853876,0.6394422310756972,0.05282436193661344,0.8441742654508612
Pseudoflavitalea,140,0.00019143160261610444,0.6394422310756972,0.05352666771219323,0.9085303186022611
Alcaligenaceae,140,0.00019525390532613675,0.6394422310756972,0.05392056176223146,0.906988694758479
Aquihabitans_daechungensis,140,0.0003675299914957061,0.6394422310756972,0.052008392984555764,0.8569373072970196
Edaphobacter,138,0.00037997784524946356,0.6356435643564357,0.051929135025062224,0.8565534750872739
SC-I-84,137,0.000317138074326128,0.6343873517786561,0.05101911149980444,0.8673250322026621
Pseudorhodoferax,137,0.00024893631324890414,0.6343873517786561,0.052440500115540155,0.8872906826964362
Ferruginibacter,136,0.00022818270483314078,0.6343873517786561,0.05211885205531624,0.8961873638344227
uncultured_Caulobacter,135,0.00016273763579020535,0.6331360946745562,0.0515862418717639,0.9166390270867882
Ammoniphilus,135,0.0009451043640144079,0.6318897637795275,0.048323484197627165,0.7956882255389718
Geobacterales,134,0.00039720773373831214,0.6318897637795275,0.04987904287859116,0.8674671754011896
Roseococcus,132,0.00029379263414920794,0.6281800391389433,0.049448895845969,0.869882026370576
uncultured_Flexibacteraceae,132,0.0003342665001517783,0.6281800391389433,0.048946416061404825,0.8566967383761277
uncultured_Banisveld,129,0.00026448205653172236,0.6245136186770428,0.048217341380650224,0.8726986434108527
uncultured_Bradyrhizobiaceae,128,0.0004352424707840841,0.6245136186770428,0.04676182669569507,0.8328001968503937
Paenarthrobacter,128,0.00012283359904683886,0.6245136186770428,0.04955684767855545,0.9301181102362205
unidentified,127,0.0005305985934484996,0.6233009708737864,0.045716658927649104,0.8220222472190977
Rhodoplanes,127,0.00016057039903888702,0.6233009708737864,0.049001847818539876,0.9135108111486064
Pseudolabrys,126,0.0002564036289599438,0.620889748549323,0.04689424214002683,0.8794920634920635
uncultured_Bacteroidetes,125,0.00029973718906441897,0.6196911196911197,0.047105097958785126,0.8727741935483871
bacterium,125,0.0001906985090602436,0.620889748549323,0.04782738923379256,0.9126451612903226
Wolbachia,125,0.000256407801652255,0.6196911196911197,0.04646931100445866,0.8776774193548387
Blastocatellaceae,123,0.00031569557645478045,0.6173076923076923,0.046351868952984786,0.8661868585898974
Aeromicrobium,123,0.00023156360459444952,0.6173076923076923,0.04680891243495316,0.8853791816606691
Mucilaginibacter_pineti,122,0.0009397742667601759,0.6173076923076923,0.042427117433916625,0.7671047283565913
KD4-96,122,0.00015193750666051277,0.6173076923076923,0.046919958039186915,0.9142392629724969
Ohtaekwangia,121,0.0002464010338952051,0.6149425287356322,0.0455548011412501,0.8725895316804407
uncultured_Dongia,121,0.00012142550288211084,0.6149425287356322,0.047241999911411356,0.9246556473829202
Pseudonocardiaceae,121,0.00011433350268217718,0.6161228406909789,0.047712464260645474,0.9276859504132231
Pseudonocardia,121,0.0001895167837053803,0.6161228406909789,0.04665729760533824,0.8983471074380165
uncultured_Acidimicrobiales,121,0.000206316103184608,0.6161228406909789,0.046129628940574194,0.8950413223140495
Devosia_glacialis,120,0.0002475875136644881,0.6149425287356322,0.04497536244887264,0.8789915966386554
Panacibacter_ginsenosidivorans,116,9.241612616864616e-05,0.6102661596958175,0.04588782762578396,0.9367316341829085
67-14,114,0.00013386086961713326,0.6068052930056711,0.04474491752987438,0.9172488743983853
Williamsia,113,0.00012246664394126316,0.6068052930056711,0.04395428346376538,0.922566371681416
1174-901-12,113,0.00046516030937188634,0.6056603773584905,0.04168754001461264,0.8342288242730721
Fusarium_circinatum,112,0.00013498826559715639,0.6056603773584905,0.04354631833340673,0.918918918918919
Catenulispora,111,0.0001025745314306009,0.6033834586466166,0.04316280078627927,0.9276003276003276
uncultured_Acidobacteria,108,0.00011896266969416807,0.6,0.040412882150517034,0.9214260989961924
Candidatus_Solibacter,108,0.00011896266969416807,0.6,0.040412882150517034,0.9214260989961924
Dechloromonas,108,8.749711766907595e-05,0.601123595505618,0.042744373667634686,0.9370024229837314
Peptostreptococcaceae,107,0.0001319080702948453,0.5988805970149254,0.04064006817439125,0.9058367131017457
Niastella_koreensis,107,0.00017990502543482133,0.6,0.04147048632337322,0.9079527420208077
Dongia_sp.,106,7.454579549622067e-05,0.5988805970149254,0.042095177750861745,0.9412398921832884
uncultured_Mollicutes,106,0.00039127470021800434,0.5988805970149254,0.03861068203207301,0.8404312668463612
Acinetobacter,105,0.00048505384215243697,0.5966542750929368,0.04009387907253379,0.8595238095238096
Hymenobacter,105,0.0,0.5977653631284916,0.041682473586126326,1.0
Ferruginibacter_sp.,105,0.000268568533607814,0.5977653631284916,0.03920792997396474,0.8705128205128205
Terrimonas,105,0.0,0.5977653631284916,0.04168247358612633,1.0
Ferruginibacter_profundus,105,0.0,0.5977653631284916,0.041682473586126326,1.0
Ferribacterium,105,0.0,0.5977653631284916,0.041682473586126326,1.0
Exiguobacterium,105,0.0,0.5977653631284916,0.041682473586126326,1.0
Rhodobacteraceae,105,0.0,0.5977653631284916,0.04168247358612633,1.0
Roseiarcus,105,0.0,0.5977653631284916,0.04168247358612633,1.0
Gemmatimonas,103,0.00014335547328255482,0.5955473098330241,0.03972261392744899,0.9105273177232058
Burkholderiales,103,0.00024866150998771174,0.5944444444444444,0.03733320947985904,0.8636969350847135
Acidisoma,100,5.662462710201023e-05,0.5911602209944752,0.04005115797765614,0.9531313131313132
Staphylococcus,100,0.0005624494143422577,0.5911602209944752,0.03574035428662128,0.8248484848484848
unidentified_actinomycete,100,0.00014841951998355448,0.5922509225092251,0.03901358496708732,0.9131313131313131
Armatimonadales,99,0.00025187627987966783,0.5900735294117647,0.03595774736284911,0.854875283446712
Chryseolinea,98,4.4633801698687794e-05,0.5889908256880734,0.039099596583155136,0.9627603618767094
Saccharimonadales,98,9.014981648027797e-05,0.5900735294117647,0.039258624114402056,0.938354723332632
uncultured_Planctomycetaceae,97,0.000187514499753127,0.5879120879120879,0.03593888162264601,0.8782216494845361
Gaiella,96,8.243226580785858e-05,0.5879120879120879,0.03743444081996892,0.9256578947368421
Gemmata,96,0.0001829836162195248,0.5879120879120879,0.03578589388865549,0.8918859649122807
Taibaiella,95,0.00029715279366131355,0.5857664233576643,0.03585839442016367,0.8783874580067189
Silene_dioica,95,0.00011394159871455422,0.5857664233576643,0.03595299982476732,0.9357222844344905
uncultured_actinomycete,92,0.00015493762139603091,0.5825771324863884,0.03510094172744703,0.8867654085045389
Devosia_limi,91,4.997834773373422e-05,0.5825771324863884,0.0368485424169195,0.9553113553113554
Persicaria_minor,90,0.0,0.5804701627486437,0.036531842159811596,1.0
Sphingoterrabacterium_koreensis,90,0.0,0.5804701627486437,0.036531842159811596,1.0
Mucilaginibacter_jinjuensis,90,6.04674515134077e-05,0.5815217391304348,0.03526459287545051,0.9403245942571785
Nakamurella,90,6.96257605189172e-05,0.5815217391304348,0.03491809488889003,0.9415730337078652
Streptococcus,90,0.00015462941613503551,0.5804701627486437,0.03340227906138345,0.8876404494382022
Fimbriiglobus,88,0.0,0.5794223826714802,0.03634659320096584,1.0
Mucilaginibacter_polytrichastri,86,0.00028633818776777916,0.5773381294964028,0.03252484830384281,0.8727770177838577
Mucilaginibacter_galii,84,7.1427666027042e-06,0.5752688172043011,0.03231829376588382,0.9948364888123924
uncultured_Hyphomicrobiaceae,83,0.0,0.5732142857142857,0.0319293394539855,1.0
Demequina,83,0.0,0.5732142857142857,0.0319293394539855,1.0
Devosia_geojensis,83,4.715121229204919e-05,0.5742397137745975,0.03336874038217884,0.9459300617102556
Verrucomicrobia_bacterium,83,0.0,0.5732142857142857,0.0319293394539855,1.0
Janthinobacterium,81,1.6081389309087867e-05,0.5721925133689839,0.03337114024884443,0.9780864197530864
Actinoplanes_ferrugineus,81,9.930324150103985e-05,0.5711743772241993,0.031330168008195915,0.9040123456790123
alpha_proteobacterium,80,9.542105441988038e-05,0.5711743772241993,0.03130392950334701,0.9199367088607595
Ferrovibrio,79,8.82006627073047e-05,0.5701598579040853,0.029933307084217622,0.9269717624148004
bacterium_MI-37,78,6.59013058555318e-06,0.5681415929203539,0.032712341831306925,0.9883449883449883
uncultured_Cytophagaceae,78,8.01606130521413e-05,0.5681415929203539,0.029544352772319305,0.9300699300699301
Corynebacterium,78,9.46944687000559e-05,0.5681415929203539,0.028756958237998325,0.9104229104229105
Hirschia,77,0.00010030462815599663,0.5681415929203539,0.03073756061829656,0.9514695830485305
Streptosporangiaceae,76,0.0,0.5661375661375662,0.03170625594574014,1.0
Sphingobacterium,76,0.0,0.5661375661375662,0.03170625594574014,1.0
Coccomyxa_sp.,74,4.347897837608779e-05,0.5641476274165202,0.029554308435053543,0.9452054794520548
uncultured_endolithic,73,0.0,0.5631578947368421,0.02992658782454015,1.0
Altererythrobacter,73,8.2752287509226e-05,0.5631578947368421,0.027670596358799447,0.9101978691019786
Jatrophihabitans,73,1.8615296335924681e-06,0.5641476274165202,0.030746762300262884,0.997716894977169
Larkinella,72,3.265708000731138e-06,0.5631578947368421,0.027980700050223968,0.9968701095461658
Clostridioides,71,0.0,0.5611888111888111,0.02759174573832566,1.0
Roseiflexaceae,71,0.0,0.5611888111888111,0.02759174573832566,1.0
Gammaproteobacteria,71,2.9186201940203683e-05,0.5621716287215411,0.027723730619710202,0.9601609657947686
Nocardioides_halotolerans,70,4.7530486469278625e-06,0.5611888111888111,0.02741173932508523,0.9954451345755694
Streptomycetaceae,70,0.0,0.5611888111888111,0.028970604288385337,1.0
Subgroup_17,70,0.0,0.5602094240837696,0.0286348066531472,1.0
delta_proteobacterium,69,0.0,0.5592334494773519,0.027022785013186914,1.0
uncultured_Verrucomicrobia,69,0.0,0.5592334494773519,0.02702278501318691,1.0
Sporichthyaceae,69,0.0,0.5592334494773519,0.027022785013186914,1.0
Paenibacillus,68,4.668071375487821e-05,0.5582608695652174,0.026748333955928523,0.9402985074626866
Niabella_sp.,67,2.2399141633727633e-06,0.5582608695652174,0.02725390953758164,0.9968340117593849
Sphingomonas_fennica,67,0.0,0.5582608695652174,0.027846868534603587,1.0
Cupriavidus,66,3.379175867251568e-05,0.5563258232235702,0.026328151085524824,0.9529137529137529
Delftia,66,0.000441176347053397,0.5563258232235702,0.024649217978214098,0.8125874125874126
Holophaga_sp.,65,4.35157480842289e-06,0.5563258232235702,0.02576572030547155,0.9951923076923077
Caulobacter_fusiformis,64,0.0,0.5544041450777202,0.025376765993573244,1.0
Neisseria,64,2.1228611536274606e-05,0.5553633217993079,0.025783598354442164,0.9657738095238095
soil_bacterium,61,0.00017351322354388103,0.5515463917525774,0.021768062568118193,0.921311475409836
uncultured_Sphingobacterium,61,0.00017351322354388103,0.5515463917525774,0.021768062568118193,0.921311475409836
Actinospica_sp.,60,2.2971977353212315e-06,0.5515463917525774,0.025405362204921393,0.9949152542372881
Anoxybacillus,57,8.772062121500672e-06,0.5477815699658704,0.02102854988528304,0.9837092731829574
Methylobacterium_jeotgali,57,6.972197012054048e-06,0.5487179487179488,0.021189192507390195,0.9931077694235589
uncultured_Flavobacterium,56,0.0,0.5468483816013628,0.020800238195491885,1.0
Winkia_neuii,56,0.0,0.5468483816013628,0.020800238195491885,1.0
Noviherbaspirillum,54,0.0,0.5449915110356537,0.022428440477946083,1.0
Alphaproteobacteria,50,5.16363437508908e-05,0.5413153456998314,0.01962371979945679,0.9322448979591836
Niabella_ginsengisoli,50,2.0936892511753706e-06,0.5422297297297297,0.020788999121746716,0.9951020408163266
Pirellulaceae,50,0.0,0.5413153456998314,0.021143212213887447,1.0
Pythium_ultimum,48,0.0,0.5394957983193277,0.019448902097392258,1.0
Filimonas_sp.,48,4.091567312501474e-06,0.5404040404040404,0.018611039585646746,0.9955673758865248
Dyella,48,0.0,0.5394957983193277,0.019448902097392258,1.0
Amycolatopsis_nigrescens,48,5.371677442355391e-06,0.5394957983193277,0.018450396963539586,0.9858156028368794
Actinoplanes_durhamensis,48,5.371677442355391e-06,0.5394957983193277,0.018450396963539586,0.9858156028368794
Mucilaginibacter_boryungensis,48,4.091567312501474e-06,0.5404040404040404,0.018611039585646746,0.9955673758865248
Verrucomicrobium_sp.,47,0.0,0.5385906040268457,0.018222085273748436,1.0
Roseomonas,47,0.0,0.5385906040268457,0.018222085273748436,1.0
Sphingomonas_hengshuiensis,46,0.0,0.5376884422110553,0.01925664095886375,1.0
Mycolicibacterium_goodii,45,8.008820429618783e-07,0.5376884422110553,0.019285369316399927,0.996969696969697
Kaistia_sp.,41,2.449330393429989e-06,0.5341098169717138,0.016672228306904353,0.9951219512195122
Acidicapsa_borealis,41,3.3542676854577826e-06,0.5332225913621262,0.016511585684797193,0.9841463414634146
Rhizobiales,40,0.0,0.5323383084577115,0.015581687611280502,1.0
Bacilli,40,0.0,0.5323383084577115,0.017309575244481634,1.0
SM1A02,40,0.0,0.5323383084577115,0.015581687611280502,1.0
Sphingobacteriaceae,38,0.0,0.5305785123966942,0.0157384444074583,1.0
bacterium_Ellin507,37,5.548177712126808e-07,0.5297029702970297,0.015961958238638396,0.9954954954954955
Luedemannella,28,5.689404053890035e-07,0.5228013029315961,0.012204697669628234,0.9947089947089947
uncultured_sludge,28,1.0825224993437386e-05,0.5219512195121951,0.010751226604604829,0.9312169312169312
uncultured_Clostridium,26,0.0,0.520259319286872,0.01127399024930878,1.0
Methylotenera,25,2.4010934210040263e-06,0.520259319286872,0.010536790531045481,0.9933333333333333
Mucilaginibacter_mallensis,25,2.906030594690101e-07,0.520259319286872,0.010559467764634631,0.9966666666666667
Opitutaceae,24,0.0,0.518578352180937,0.01014783621914717,1.0
Kitasatospora,23,7.864117720524729e-06,0.518578352180937,0.008676150840467502,0.9762845849802372
Gemmataceae,23,2.2968967096498926e-06,0.518578352180937,0.009278740132767787,0.9881422924901185
Clostridiaceae,22,0.0,0.5169082125603864,0.00828719652856919,1.0
Paenibacillus_contaminans,22,0.0,0.5169082125603864,0.00828719652856919,1.0
Lacibacterium_aquatile,22,3.894080996884736e-06,0.5177419354838709,0.008314373715053237,0.9913419913419913
Actinoallomurus,22,5.247453708452492e-06,0.5169082125603864,0.008153731092946074,0.9567099567099567
Romboutsia,22,0.0,0.5169082125603864,0.00828719652856919,1.0
Sediminibacterium,21,0.0,0.5160771704180064,0.007925419403154924,1.0
Collimonas,19,0.0,0.5144230769230769,0.007757150029591224,1.0
Microvirgula,17,1.0380215908490896e-06,0.5136,0.006952512430945771,0.9852941176470589
uncultured_Opitutus,15,0.0,0.5111464968152867,0.00660483343391632,1.0
mle1-27,14,0.0,0.5103338632750397,0.004411402610090491,1.0
proteobacterium_symbiont,14,0.0,0.5103338632750397,0.004411402610090491,1.0
Methylophilus,10,9.735202492211838e-06,0.5079113924050633,0.003380525567651786,0.9555555555555556
Caldicellulosiruptor_kronotskyensis,9,0.0,0.5063091482649842,0.002991571255753474,1.0
gamma_proteobacterium,9,0.0,0.5063091482649842,0.002991571255753474,1.0
Escherichia-Shigella,1,0.0,0.4314516129032258,0.0003910962422282702,0.0
